batch_id,quantity_kg,shipment_id
operations-demo-v1-batch-001,50.0,operations-demo-v1-shipment-001
operations-demo-v1-batch-002,50.0,operations-demo-v1-shipment-002
operations-demo-v1-batch-003,50.0,operations-demo-v1-shipment-003
operations-demo-v1-batch-004,50.0,operations-demo-v1-shipment-004
operations-demo-v1-batch-005,50.0,operations-demo-v1-shipment-005
operations-demo-v1-batch-006,50.0,operations-demo-v1-shipment-006
operations-demo-v1-batch-007,50.0,operations-demo-v1-shipment-007
operations-demo-v1-batch-008,50.0,operations-demo-v1-shipment-008
operations-demo-v1-batch-009,50.0,operations-demo-v1-shipment-009
operations-demo-v1-batch-010,50.0,operations-demo-v1-shipment-010
operations-demo-v1-batch-011,50.0,operations-demo-v1-shipment-011
operations-demo-v1-batch-012,50.0,operations-demo-v1-shipment-012
operations-demo-v1-batch-013,50.0,operations-demo-v1-shipment-001
operations-demo-v1-batch-014,50.0,operations-demo-v1-shipment-002
operations-demo-v1-batch-015,50.0,operations-demo-v1-shipment-003
operations-demo-v1-batch-016,50.0,operations-demo-v1-shipment-004
operations-demo-v1-batch-017,50.0,operations-demo-v1-shipment-005
operations-demo-v1-batch-018,50.0,operations-demo-v1-shipment-006
