id,material_id,planned_charge_at,reactor,required_quantity_kg,status
operations-demo-v1-batch-001,operations-demo-v1-material,2026-10-03T10:00:00Z,R1,50.0,waiting_material
operations-demo-v1-batch-002,operations-demo-v1-material,2026-10-03T16:00:00Z,R2,50.0,planned
operations-demo-v1-batch-003,operations-demo-v1-material,2026-10-03T22:00:00Z,R3,50.0,planned
operations-demo-v1-batch-004,operations-demo-v1-material,2026-10-04T04:00:00Z,R1,50.0,planned
operations-demo-v1-batch-005,operations-demo-v1-material,2026-10-04T10:00:00Z,R2,50.0,planned
operations-demo-v1-batch-006,operations-demo-v1-material,2026-10-04T16:00:00Z,R3,50.0,planned
operations-demo-v1-batch-007,operations-demo-v1-material,2026-10-04T22:00:00Z,R1,50.0,planned
operations-demo-v1-batch-008,operations-demo-v1-material,2026-10-05T04:00:00Z,R2,50.0,planned
operations-demo-v1-batch-009,operations-demo-v1-material,2026-10-05T10:00:00Z,R3,50.0,planned
operations-demo-v1-batch-010,operations-demo-v1-material,2026-10-05T16:00:00Z,R1,50.0,planned
operations-demo-v1-batch-011,operations-demo-v1-material,2026-10-05T22:00:00Z,R2,50.0,planned
operations-demo-v1-batch-012,operations-demo-v1-material,2026-10-06T04:00:00Z,R3,50.0,planned
operations-demo-v1-batch-013,operations-demo-v1-material,2026-10-06T10:00:00Z,R1,50.0,planned
operations-demo-v1-batch-014,operations-demo-v1-material,2026-10-06T16:00:00Z,R2,50.0,planned
operations-demo-v1-batch-015,operations-demo-v1-material,2026-10-06T22:00:00Z,R3,50.0,planned
operations-demo-v1-batch-016,operations-demo-v1-material,2026-10-07T04:00:00Z,R1,50.0,planned
operations-demo-v1-batch-017,operations-demo-v1-material,2026-10-07T10:00:00Z,R2,50.0,planned
operations-demo-v1-batch-018,operations-demo-v1-material,2026-10-07T16:00:00Z,R3,50.0,planned
