ambient_c,at,excursion_min,product_c,refrigerated,shipment_id
20.0,2026-10-01T12:00:00Z,0.0,5.051514,true,operations-demo-v1-shipment-001
20.0,2026-10-01T12:30:00Z,0.0,5.047395,true,operations-demo-v1-shipment-001
20.0,2026-10-01T13:00:00Z,0.0,5.043606,true,operations-demo-v1-shipment-001
20.0,2026-10-01T13:30:00Z,0.0,5.040119,true,operations-demo-v1-shipment-001
20.0,2026-10-01T14:00:00Z,0.0,5.036911,true,operations-demo-v1-shipment-001
20.0,2026-10-01T14:30:00Z,0.0,5.03396,true,operations-demo-v1-shipment-001
20.0,2026-10-01T15:00:00Z,0.0,5.031245,true,operations-demo-v1-shipment-001
20.0,2026-10-01T15:30:00Z,0.0,5.028747,true,operations-demo-v1-shipment-001
20.0,2026-10-01T16:00:00Z,0.0,5.026448,true,operations-demo-v1-shipment-001
20.0,2026-10-01T16:30:00Z,0.0,5.024333,true,operations-demo-v1-shipment-001
20.0,2026-10-01T17:00:00Z,0.0,5.022388,true,operations-demo-v1-shipment-001
20.0,2026-10-01T17:30:00Z,0.0,5.020598,true,operations-demo-v1-shipment-001
20.0,2026-10-01T18:00:00Z,0.0,5.018951,true,operations-demo-v1-shipment-001
20.0,2026-10-01T18:30:00Z,0.0,5.017436,true,operations-demo-v1-shipment-001
20.0,2026-10-01T19:00:00Z,0.0,5.016042,true,operations-demo-v1-shipment-001
20.0,2026-10-01T19:30:00Z,0.0,5.014759,true,operations-demo-v1-shipment-001
20.0,2026-10-01T20:00:00Z,0.0,5.013579,true,operations-demo-v1-shipment-001
20.0,2026-10-01T20:30:00Z,0.0,5.012493,true,operations-demo-v1-shipment-001
20.0,2026-10-01T21:00:00Z,0.0,5.011494,true,operations-demo-v1-shipment-001
20.0,2026-10-01T21:30:00Z,0.0,5.010575,true,operations-demo-v1-shipment-001
20.0,2026-10-01T22:00:00Z,0.0,5.00973,true,operations-demo-v1-shipment-001
20.0,2026-10-01T22:30:00Z,0.0,5.008952,true,operations-demo-v1-shipment-001
20.0,2026-10-01T23:00:00Z,0.0,5.008236,true,operations-demo-v1-shipment-001
20.0,2026-10-01T23:30:00Z,0.0,5.007578,true,operations-demo-v1-shipment-001
20.0,2026-10-02T00:00:00Z,0.0,5.006972,true,operations-demo-v1-shipment-001
20.0,2026-10-02T00:30:00Z,0.0,5.006414,true,operations-demo-v1-shipment-001
20.0,2026-10-02T01:00:00Z,0.0,5.005901,true,operations-demo-v1-shipment-001
20.0,2026-10-02T01:30:00Z,0.0,5.00543,true,operations-demo-v1-shipment-001
20.0,2026-10-02T02:00:00Z,0.0,5.004995,true,operations-demo-v1-shipment-001
20.0,2026-10-02T02:30:00Z,0.0,5.004596,true,operations-demo-v1-shipment-001
20.0,2026-10-02T03:00:00Z,0.0,5.004229,false,operations-demo-v1-shipment-001
20.0,2026-10-02T03:30:00Z,0.0,6.203224,false,operations-demo-v1-shipment-001
20.0,2026-10-02T04:00:00Z,0.0,7.306353,false,operations-demo-v1-shipment-001
20.0,2026-10-02T04:30:00Z,9.76982,8.321281,false,operations-demo-v1-shipment-001
20.0,2026-10-02T05:00:00Z,39.76982,9.25506,false,operations-demo-v1-shipment-001
20.0,2026-10-02T05:30:00Z,69.76982,10.114178,false,operations-demo-v1-shipment-001
20.0,2026-10-02T06:00:00Z,99.76982,10.904605,false,operations-demo-v1-shipment-001
40.0,2026-10-03T00:00:00Z,0.0,5.019739,true,operations-demo-v1-shipment-002
40.0,2026-10-03T00:30:00Z,0.0,5.018161,true,operations-demo-v1-shipment-002
40.0,2026-10-03T01:00:00Z,0.0,5.016709,true,operations-demo-v1-shipment-002
40.0,2026-10-03T01:30:00Z,0.0,5.015373,true,operations-demo-v1-shipment-002
40.0,2026-10-03T02:00:00Z,0.0,5.014144,true,operations-demo-v1-shipment-002
40.0,2026-10-03T02:30:00Z,0.0,5.013013,true,operations-demo-v1-shipment-002
40.0,2026-10-03T03:00:00Z,0.0,5.011972,true,operations-demo-v1-shipment-002
40.0,2026-10-03T03:30:00Z,0.0,5.011015,true,operations-demo-v1-shipment-002
40.0,2026-10-03T04:00:00Z,0.0,5.010134,true,operations-demo-v1-shipment-002
40.0,2026-10-03T04:30:00Z,0.0,5.009324,true,operations-demo-v1-shipment-002
40.0,2026-10-03T05:00:00Z,0.0,5.008579,true,operations-demo-v1-shipment-002
40.0,2026-10-03T05:30:00Z,0.0,5.007893,true,operations-demo-v1-shipment-002
40.0,2026-10-03T06:00:00Z,0.0,5.007262,true,operations-demo-v1-shipment-002
40.0,2026-10-03T06:30:00Z,0.0,5.006681,true,operations-demo-v1-shipment-002
40.0,2026-10-03T07:00:00Z,0.0,5.006147,true,operations-demo-v1-shipment-002
40.0,2026-10-03T07:30:00Z,0.0,5.005655,true,operations-demo-v1-shipment-002
40.0,2026-10-03T08:00:00Z,0.0,5.005203,true,operations-demo-v1-shipment-002
40.0,2026-10-03T08:30:00Z,0.0,5.004787,true,operations-demo-v1-shipment-002
40.0,2026-10-03T09:00:00Z,0.0,5.004404,false,operations-demo-v1-shipment-002
40.0,2026-10-03T09:30:00Z,0.0,7.802498,false,operations-demo-v1-shipment-002
40.0,2026-10-03T10:00:00Z,27.784928,10.376868,false,operations-demo-v1-shipment-002
40.0,2026-10-03T10:30:00Z,57.784928,12.745403,false,operations-demo-v1-shipment-002
40.0,2026-10-03T11:00:00Z,87.784928,14.92456,false,operations-demo-v1-shipment-002
40.0,2026-10-03T11:30:00Z,117.784928,16.929481,false,operations-demo-v1-shipment-002
40.0,2026-10-03T12:00:00Z,147.784928,18.774098,false,operations-demo-v1-shipment-002
20.0,2026-10-03T00:00:00Z,0.0,4.932703,true,operations-demo-v1-shipment-003
20.0,2026-10-03T00:30:00Z,0.0,4.938084,true,operations-demo-v1-shipment-003
20.0,2026-10-03T01:00:00Z,0.0,4.943034,true,operations-demo-v1-shipment-003
20.0,2026-10-03T01:30:00Z,0.0,4.947589,true,operations-demo-v1-shipment-003
20.0,2026-10-03T02:00:00Z,0.0,4.95178,true,operations-demo-v1-shipment-003
20.0,2026-10-03T02:30:00Z,0.0,4.955635,true,operations-demo-v1-shipment-003
20.0,2026-10-03T03:00:00Z,0.0,4.959182,true,operations-demo-v1-shipment-003
20.0,2026-10-03T03:30:00Z,0.0,4.962446,true,operations-demo-v1-shipment-003
20.0,2026-10-03T04:00:00Z,0.0,4.965449,true,operations-demo-v1-shipment-003
20.0,2026-10-03T04:30:00Z,0.0,4.968211,true,operations-demo-v1-shipment-003
20.0,2026-10-03T05:00:00Z,0.0,4.970753,true,operations-demo-v1-shipment-003
20.0,2026-10-03T05:30:00Z,0.0,4.973091,true,operations-demo-v1-shipment-003
20.0,2026-10-03T06:00:00Z,0.0,4.975243,true,operations-demo-v1-shipment-003
20.0,2026-10-03T06:30:00Z,0.0,4.977222,true,operations-demo-v1-shipment-003
20.0,2026-10-03T07:00:00Z,0.0,4.979043,true,operations-demo-v1-shipment-003
20.0,2026-10-03T07:30:00Z,0.0,4.980719,true,operations-demo-v1-shipment-003
20.0,2026-10-03T08:00:00Z,0.0,4.982261,true,operations-demo-v1-shipment-003
20.0,2026-10-03T08:30:00Z,0.0,4.983679,true,operations-demo-v1-shipment-003
20.0,2026-10-03T09:00:00Z,0.0,4.984984,true,operations-demo-v1-shipment-003
20.0,2026-10-03T09:30:00Z,0.0,4.986185,true,operations-demo-v1-shipment-003
20.0,2026-10-03T10:00:00Z,0.0,4.987289,true,operations-demo-v1-shipment-003
20.0,2026-10-03T10:30:00Z,0.0,4.988306,true,operations-demo-v1-shipment-003
20.0,2026-10-03T11:00:00Z,0.0,4.989241,true,operations-demo-v1-shipment-003
20.0,2026-10-03T11:30:00Z,0.0,4.990101,true,operations-demo-v1-shipment-003
20.0,2026-10-03T12:00:00Z,0.0,4.990892,true,operations-demo-v1-shipment-003
20.0,2026-10-01T12:00:00Z,0.0,5.058261,true,operations-demo-v1-shipment-005
20.0,2026-10-01T12:30:00Z,0.0,5.053603,true,operations-demo-v1-shipment-005
20.0,2026-10-01T13:00:00Z,0.0,5.049317,true,operations-demo-v1-shipment-005
20.0,2026-10-01T13:30:00Z,0.0,5.045374,true,operations-demo-v1-shipment-005
20.0,2026-10-01T14:00:00Z,0.0,5.041746,true,operations-demo-v1-shipment-005
20.0,2026-10-01T14:30:00Z,0.0,5.038408,true,operations-demo-v1-shipment-005
20.0,2026-10-01T15:00:00Z,0.0,5.035337,true,operations-demo-v1-shipment-005
20.0,2026-10-01T15:30:00Z,0.0,5.032512,true,operations-demo-v1-shipment-005
20.0,2026-10-01T16:00:00Z,0.0,5.029912,true,operations-demo-v1-shipment-005
20.0,2026-10-01T16:30:00Z,0.0,5.027521,true,operations-demo-v1-shipment-005
20.0,2026-10-01T17:00:00Z,0.0,5.02532,true,operations-demo-v1-shipment-005
20.0,2026-10-01T17:30:00Z,0.0,5.023296,true,operations-demo-v1-shipment-005
20.0,2026-10-01T18:00:00Z,0.0,5.021433,true,operations-demo-v1-shipment-005
20.0,2026-10-01T18:30:00Z,0.0,5.019719,true,operations-demo-v1-shipment-005
20.0,2026-10-01T19:00:00Z,0.0,5.018143,true,operations-demo-v1-shipment-005
20.0,2026-10-01T19:30:00Z,0.0,5.016692,true,operations-demo-v1-shipment-005
20.0,2026-10-01T20:00:00Z,0.0,5.015357,true,operations-demo-v1-shipment-005
20.0,2026-10-01T20:30:00Z,0.0,5.01413,true,operations-demo-v1-shipment-005
20.0,2026-10-01T21:00:00Z,0.0,5.013,true,operations-demo-v1-shipment-005
20.0,2026-10-01T21:30:00Z,0.0,5.01196,true,operations-demo-v1-shipment-005
20.0,2026-10-01T22:00:00Z,0.0,5.011004,true,operations-demo-v1-shipment-005
20.0,2026-10-01T22:30:00Z,0.0,5.010124,true,operations-demo-v1-shipment-005
20.0,2026-10-01T23:00:00Z,0.0,5.009315,true,operations-demo-v1-shipment-005
20.0,2026-10-01T23:30:00Z,0.0,5.00857,true,operations-demo-v1-shipment-005
20.0,2026-10-02T00:00:00Z,0.0,5.007885,true,operations-demo-v1-shipment-005
20.0,2026-10-02T00:30:00Z,0.0,5.007254,true,operations-demo-v1-shipment-005
20.0,2026-10-02T01:00:00Z,0.0,5.006674,true,operations-demo-v1-shipment-005
20.0,2026-10-02T01:30:00Z,0.0,5.006141,true,operations-demo-v1-shipment-005
20.0,2026-10-02T02:00:00Z,0.0,5.00565,true,operations-demo-v1-shipment-005
20.0,2026-10-02T02:30:00Z,0.0,5.005198,true,operations-demo-v1-shipment-005
20.0,2026-10-02T03:00:00Z,0.0,5.004782,false,operations-demo-v1-shipment-005
20.0,2026-10-02T03:30:00Z,0.0,6.203734,false,operations-demo-v1-shipment-005
20.0,2026-10-02T04:00:00Z,0.0,7.306822,false,operations-demo-v1-shipment-005
20.0,2026-10-02T04:30:00Z,9.783116,8.321713,false,operations-demo-v1-shipment-005
20.0,2026-10-02T05:00:00Z,39.783116,9.255457,false,operations-demo-v1-shipment-005
20.0,2026-10-02T05:30:00Z,69.783116,10.114543,false,operations-demo-v1-shipment-005
20.0,2026-10-02T06:00:00Z,99.783116,10.904941,false,operations-demo-v1-shipment-005
40.0,2026-10-03T00:00:00Z,0.0,5.193694,true,operations-demo-v1-shipment-006
40.0,2026-10-03T00:30:00Z,0.0,5.178207,true,operations-demo-v1-shipment-006
40.0,2026-10-03T01:00:00Z,0.0,5.163958,true,operations-demo-v1-shipment-006
40.0,2026-10-03T01:30:00Z,0.0,5.150849,true,operations-demo-v1-shipment-006
40.0,2026-10-03T02:00:00Z,0.0,5.138788,true,operations-demo-v1-shipment-006
40.0,2026-10-03T02:30:00Z,0.0,5.127691,true,operations-demo-v1-shipment-006
40.0,2026-10-03T03:00:00Z,0.0,5.117481,true,operations-demo-v1-shipment-006
40.0,2026-10-03T03:30:00Z,0.0,5.108088,true,operations-demo-v1-shipment-006
40.0,2026-10-03T04:00:00Z,0.0,5.099446,true,operations-demo-v1-shipment-006
40.0,2026-10-03T04:30:00Z,0.0,5.091495,true,operations-demo-v1-shipment-006
40.0,2026-10-03T05:00:00Z,0.0,5.084179,true,operations-demo-v1-shipment-006
40.0,2026-10-03T05:30:00Z,0.0,5.077448,true,operations-demo-v1-shipment-006
40.0,2026-10-03T06:00:00Z,0.0,5.071256,true,operations-demo-v1-shipment-006
40.0,2026-10-03T06:30:00Z,0.0,5.065559,true,operations-demo-v1-shipment-006
40.0,2026-10-03T07:00:00Z,0.0,5.060317,true,operations-demo-v1-shipment-006
40.0,2026-10-03T07:30:00Z,0.0,5.055494,true,operations-demo-v1-shipment-006
40.0,2026-10-03T08:00:00Z,0.0,5.051057,true,operations-demo-v1-shipment-006
40.0,2026-10-03T08:30:00Z,0.0,5.046975,true,operations-demo-v1-shipment-006
40.0,2026-10-03T09:00:00Z,0.0,5.043219,false,operations-demo-v1-shipment-006
40.0,2026-10-03T09:30:00Z,0.0,7.838209,false,operations-demo-v1-shipment-006
40.0,2026-10-03T10:00:00Z,28.184436,10.409724,false,operations-demo-v1-shipment-006
40.0,2026-10-03T10:30:00Z,58.184436,12.775632,false,operations-demo-v1-shipment-006
40.0,2026-10-03T11:00:00Z,88.184436,14.952372,false,operations-demo-v1-shipment-006
40.0,2026-10-03T11:30:00Z,118.184436,16.95507,false,operations-demo-v1-shipment-006
40.0,2026-10-03T12:00:00Z,148.184436,18.797641,false,operations-demo-v1-shipment-006
20.0,2026-10-03T00:00:00Z,0.0,4.963946,true,operations-demo-v1-shipment-007
20.0,2026-10-03T00:30:00Z,0.0,4.966829,true,operations-demo-v1-shipment-007
20.0,2026-10-03T01:00:00Z,0.0,4.969481,true,operations-demo-v1-shipment-007
20.0,2026-10-03T01:30:00Z,0.0,4.971921,true,operations-demo-v1-shipment-007
20.0,2026-10-03T02:00:00Z,0.0,4.974166,true,operations-demo-v1-shipment-007
20.0,2026-10-03T02:30:00Z,0.0,4.976232,true,operations-demo-v1-shipment-007
20.0,2026-10-03T03:00:00Z,0.0,4.978132,true,operations-demo-v1-shipment-007
20.0,2026-10-03T03:30:00Z,0.0,4.979881,true,operations-demo-v1-shipment-007
20.0,2026-10-03T04:00:00Z,0.0,4.981489,true,operations-demo-v1-shipment-007
20.0,2026-10-03T04:30:00Z,0.0,4.982969,true,operations-demo-v1-shipment-007
20.0,2026-10-03T05:00:00Z,0.0,4.984331,true,operations-demo-v1-shipment-007
20.0,2026-10-03T05:30:00Z,0.0,4.985584,true,operations-demo-v1-shipment-007
20.0,2026-10-03T06:00:00Z,0.0,4.986736,true,operations-demo-v1-shipment-007
20.0,2026-10-03T06:30:00Z,0.0,4.987797,true,operations-demo-v1-shipment-007
20.0,2026-10-03T07:00:00Z,0.0,4.988773,true,operations-demo-v1-shipment-007
20.0,2026-10-03T07:30:00Z,0.0,4.98967,true,operations-demo-v1-shipment-007
20.0,2026-10-03T08:00:00Z,0.0,4.990496,true,operations-demo-v1-shipment-007
20.0,2026-10-03T08:30:00Z,0.0,4.991256,true,operations-demo-v1-shipment-007
20.0,2026-10-03T09:00:00Z,0.0,4.991955,true,operations-demo-v1-shipment-007
20.0,2026-10-03T09:30:00Z,0.0,4.992598,true,operations-demo-v1-shipment-007
20.0,2026-10-03T10:00:00Z,0.0,4.99319,true,operations-demo-v1-shipment-007
20.0,2026-10-03T10:30:00Z,0.0,4.993735,true,operations-demo-v1-shipment-007
20.0,2026-10-03T11:00:00Z,0.0,4.994236,true,operations-demo-v1-shipment-007
20.0,2026-10-03T11:30:00Z,0.0,4.994697,true,operations-demo-v1-shipment-007
20.0,2026-10-03T12:00:00Z,0.0,4.995121,true,operations-demo-v1-shipment-007
20.0,2026-10-01T12:00:00Z,0.0,4.924028,true,operations-demo-v1-shipment-009
20.0,2026-10-01T12:30:00Z,0.0,4.930102,true,operations-demo-v1-shipment-009
20.0,2026-10-01T13:00:00Z,0.0,4.935691,true,operations-demo-v1-shipment-009
20.0,2026-10-01T13:30:00Z,0.0,4.940833,true,operations-demo-v1-shipment-009
20.0,2026-10-01T14:00:00Z,0.0,4.945564,true,operations-demo-v1-shipment-009
20.0,2026-10-01T14:30:00Z,0.0,4.949916,true,operations-demo-v1-shipment-009
20.0,2026-10-01T15:00:00Z,0.0,4.953921,true,operations-demo-v1-shipment-009
20.0,2026-10-01T15:30:00Z,0.0,4.957605,true,operations-demo-v1-shipment-009
20.0,2026-10-01T16:00:00Z,0.0,4.960995,true,operations-demo-v1-shipment-009
20.0,2026-10-01T16:30:00Z,0.0,4.964113,true,operations-demo-v1-shipment-009
20.0,2026-10-01T17:00:00Z,0.0,4.966983,true,operations-demo-v1-shipment-009
20.0,2026-10-01T17:30:00Z,0.0,4.969623,true,operations-demo-v1-shipment-009
20.0,2026-10-01T18:00:00Z,0.0,4.972051,true,operations-demo-v1-shipment-009
20.0,2026-10-01T18:30:00Z,0.0,4.974286,true,operations-demo-v1-shipment-009
20.0,2026-10-01T19:00:00Z,0.0,4.976342,true,operations-demo-v1-shipment-009
20.0,2026-10-01T19:30:00Z,0.0,4.978234,true,operations-demo-v1-shipment-009
20.0,2026-10-01T20:00:00Z,0.0,4.979974,true,operations-demo-v1-shipment-009
20.0,2026-10-01T20:30:00Z,0.0,4.981575,true,operations-demo-v1-shipment-009
20.0,2026-10-01T21:00:00Z,0.0,4.983048,true,operations-demo-v1-shipment-009
20.0,2026-10-01T21:30:00Z,0.0,4.984404,true,operations-demo-v1-shipment-009
20.0,2026-10-01T22:00:00Z,0.0,4.985651,true,operations-demo-v1-shipment-009
20.0,2026-10-01T22:30:00Z,0.0,4.986798,true,operations-demo-v1-shipment-009
20.0,2026-10-01T23:00:00Z,0.0,4.987854,true,operations-demo-v1-shipment-009
20.0,2026-10-01T23:30:00Z,0.0,4.988825,true,operations-demo-v1-shipment-009
20.0,2026-10-02T00:00:00Z,0.0,4.989718,true,operations-demo-v1-shipment-009
20.0,2026-10-02T00:30:00Z,0.0,4.99054,true,operations-demo-v1-shipment-009
20.0,2026-10-02T01:00:00Z,0.0,4.991297,true,operations-demo-v1-shipment-009
20.0,2026-10-02T01:30:00Z,0.0,4.991993,true,operations-demo-v1-shipment-009
20.0,2026-10-02T02:00:00Z,0.0,4.992633,true,operations-demo-v1-shipment-009
20.0,2026-10-02T02:30:00Z,0.0,4.993222,true,operations-demo-v1-shipment-009
20.0,2026-10-02T03:00:00Z,0.0,4.993764,false,operations-demo-v1-shipment-009
20.0,2026-10-02T03:30:00Z,0.0,6.193596,false,operations-demo-v1-shipment-009
20.0,2026-10-02T04:00:00Z,0.0,7.297495,false,operations-demo-v1-shipment-009
20.0,2026-10-02T04:30:00Z,9.518685,8.313132,false,operations-demo-v1-shipment-009
20.0,2026-10-02T05:00:00Z,39.518685,9.247562,false,operations-demo-v1-shipment-009
20.0,2026-10-02T05:30:00Z,69.518685,10.107279,false,operations-demo-v1-shipment-009
20.0,2026-10-02T06:00:00Z,99.518685,10.898258,false,operations-demo-v1-shipment-009
40.0,2026-10-03T00:00:00Z,0.0,5.059389,true,operations-demo-v1-shipment-010
40.0,2026-10-03T00:30:00Z,0.0,5.054641,true,operations-demo-v1-shipment-010
40.0,2026-10-03T01:00:00Z,0.0,5.050272,true,operations-demo-v1-shipment-010
40.0,2026-10-03T01:30:00Z,0.0,5.046252,true,operations-demo-v1-shipment-010
40.0,2026-10-03T02:00:00Z,0.0,5.042554,true,operations-demo-v1-shipment-010
40.0,2026-10-03T02:30:00Z,0.0,5.039152,true,operations-demo-v1-shipment-010
40.0,2026-10-03T03:00:00Z,0.0,5.036021,true,operations-demo-v1-shipment-010
40.0,2026-10-03T03:30:00Z,0.0,5.033141,true,operations-demo-v1-shipment-010
40.0,2026-10-03T04:00:00Z,0.0,5.030491,true,operations-demo-v1-shipment-010
40.0,2026-10-03T04:30:00Z,0.0,5.028053,true,operations-demo-v1-shipment-010
40.0,2026-10-03T05:00:00Z,0.0,5.02581,true,operations-demo-v1-shipment-010
40.0,2026-10-03T05:30:00Z,0.0,5.023747,true,operations-demo-v1-shipment-010
40.0,2026-10-03T06:00:00Z,0.0,5.021848,true,operations-demo-v1-shipment-010
40.0,2026-10-03T06:30:00Z,0.0,5.020101,true,operations-demo-v1-shipment-010
40.0,2026-10-03T07:00:00Z,0.0,5.018494,true,operations-demo-v1-shipment-010
40.0,2026-10-03T07:30:00Z,0.0,5.017015,true,operations-demo-v1-shipment-010
40.0,2026-10-03T08:00:00Z,0.0,5.015655,true,operations-demo-v1-shipment-010
40.0,2026-10-03T08:30:00Z,0.0,5.014403,true,operations-demo-v1-shipment-010
40.0,2026-10-03T09:00:00Z,0.0,5.013251,false,operations-demo-v1-shipment-010
40.0,2026-10-03T09:30:00Z,0.0,7.810637,false,operations-demo-v1-shipment-010
40.0,2026-10-03T10:00:00Z,27.87595,10.384357,false,operations-demo-v1-shipment-010
40.0,2026-10-03T10:30:00Z,57.87595,12.752293,false,operations-demo-v1-shipment-010
40.0,2026-10-03T11:00:00Z,87.87595,14.930899,false,operations-demo-v1-shipment-010
40.0,2026-10-03T11:30:00Z,117.87595,16.935314,false,operations-demo-v1-shipment-010
40.0,2026-10-03T12:00:00Z,147.87595,18.779464,false,operations-demo-v1-shipment-010
20.0,2026-10-03T00:00:00Z,0.0,4.98868,true,operations-demo-v1-shipment-011
20.0,2026-10-03T00:30:00Z,0.0,4.989585,true,operations-demo-v1-shipment-011
20.0,2026-10-03T01:00:00Z,0.0,4.990418,true,operations-demo-v1-shipment-011
20.0,2026-10-03T01:30:00Z,0.0,4.991184,true,operations-demo-v1-shipment-011
20.0,2026-10-03T02:00:00Z,0.0,4.991889,true,operations-demo-v1-shipment-011
20.0,2026-10-03T02:30:00Z,0.0,4.992537,true,operations-demo-v1-shipment-011
20.0,2026-10-03T03:00:00Z,0.0,4.993134,true,operations-demo-v1-shipment-011
20.0,2026-10-03T03:30:00Z,0.0,4.993683,true,operations-demo-v1-shipment-011
20.0,2026-10-03T04:00:00Z,0.0,4.994188,true,operations-demo-v1-shipment-011
20.0,2026-10-03T04:30:00Z,0.0,4.994653,true,operations-demo-v1-shipment-011
20.0,2026-10-03T05:00:00Z,0.0,4.99508,true,operations-demo-v1-shipment-011
20.0,2026-10-03T05:30:00Z,0.0,4.995474,true,operations-demo-v1-shipment-011
20.0,2026-10-03T06:00:00Z,0.0,4.995836,true,operations-demo-v1-shipment-011
20.0,2026-10-03T06:30:00Z,0.0,4.996169,true,operations-demo-v1-shipment-011
20.0,2026-10-03T07:00:00Z,0.0,4.996475,true,operations-demo-v1-shipment-011
20.0,2026-10-03T07:30:00Z,0.0,4.996757,true,operations-demo-v1-shipment-011
20.0,2026-10-03T08:00:00Z,0.0,4.997016,true,operations-demo-v1-shipment-011
20.0,2026-10-03T08:30:00Z,0.0,4.997255,true,operations-demo-v1-shipment-011
20.0,2026-10-03T09:00:00Z,0.0,4.997474,true,operations-demo-v1-shipment-011
20.0,2026-10-03T09:30:00Z,0.0,4.997676,true,operations-demo-v1-shipment-011
20.0,2026-10-03T10:00:00Z,0.0,4.997862,true,operations-demo-v1-shipment-011
20.0,2026-10-03T10:30:00Z,0.0,4.998033,true,operations-demo-v1-shipment-011
20.0,2026-10-03T11:00:00Z,0.0,4.99819,true,operations-demo-v1-shipment-011
20.0,2026-10-03T11:30:00Z,0.0,4.998335,true,operations-demo-v1-shipment-011
20.0,2026-10-03T12:00:00Z,0.0,4.998468,true,operations-demo-v1-shipment-011
